nom,longitude,latitude,fonctionnel,secteur,forme,categorie,type,couleur,image,date_creation,zone,route,parking,limite,date_collecte,agent_collecteur,info_modifier_le,geometry
panneau 21,1.212804,6.173248,True,Campus Sud,Carré,Informationel,indication,,,,,,,,2024-07-30 12:12:06,,2024-07-30 12:12:06,POINT (302243.7974224073 682687.5448705947)
panneau 22,1.21299,6.173059,True,Campus Sud,Carré,Informationel,indication,,,,,,,,2024-07-30 12:12:06,,2024-07-30 12:12:06,POINT (302264.33738058724 682666.6262035081)
panneau 1,1.214921,6.17464,True,Campus Sud,Cercle,Routier,Interdiction,,,,,,,,2024-07-30 12:12:05,,2024-07-30 12:12:05,POINT (302478.6887789179 682840.7987737203)
panneau 2,1.214793,6.174711,True,Campus Sud,Rectangle,Informationel,indication,,,,,,,,2024-07-30 12:12:05,,2024-07-30 12:12:05,POINT (302464.53594684205 682848.6355592869)
panneau 3,1.214577,6.174968,True,Campus Sud,Rectangle,Informationel,indication,,,,,,,,2024-07-30 12:12:05,,2024-07-30 12:12:05,POINT (302440.72183155525 682877.1332821315)
panneau 4,1.214376,6.174658,True,Campus Sud,Cercle,Routier,Interdiction,,,,,,,,2024-07-30 12:12:05,,2024-07-30 12:12:05,POINT (302418.3333081108 682842.8890163806)
panneau 5,1.214251,6.174608,True,Campus Sud,Cercle,Routier,Interdiction,,,,,,,,2024-07-30 12:12:05,,2024-07-30 12:12:05,POINT (302404.5132902628 682837.4154653955)
panneau 6,1.213553,6.17461,True,,,,,,,,,,,,2024-07-30 12:12:05,,2024-07-30 12:12:05,POINT (302327.2295853733 682837.9721861507)
panneau 8,1.213435,6.175291,True,Campus Sud,Cercle,Routier,Danger,,,,,,,,2024-07-30 12:12:05,,2024-07-30 12:12:05,POINT (302314.4179599127 682913.3383628778)
panneau 9,1.213624,6.175269,True,Campus Sud,Cercle,Routier,Interdiction,,,,,,,,2024-07-30 12:12:05,,2024-07-30 12:12:05,POINT (302335.3526480282 682910.7940693323)
panneau 10,1.213669,6.174954,True,Campus Sud,Cercle,Routier,Interdiction,,,,,,,,2024-07-30 12:12:05,,2024-07-30 12:12:05,POINT (302340.1958181121 682875.9939612979)
panneau 11,1.213399,6.1746,True,Campus Sud,Cercle,Routier,Interdiction,,,,,,,,2024-07-30 12:12:05,,2024-07-30 12:12:05,POINT (302310.1535220371 682836.9091264749)
panneau 12,1.212619,6.174516,True,Campus Sud,Cercle,Routier,Interdiction,,,,,,,,2024-07-30 12:12:05,,2024-07-30 12:12:05,POINT (302223.81771821476 682827.9009530662)
panneau 13,1.212715,6.175413,True,Campus Sud,Rectangle,Informationel,Obligation,,,,,,,,2024-07-30 12:12:05,,2024-07-30 12:12:05,POINT (302234.7411217132 682927.0466172337)
panneau 14,1.21197,6.174833,True,Campus Sud,Rectangle,Informationel,Obligation,,,,,,,,2024-07-30 12:12:05,,2024-07-30 12:12:05,POINT (302152.13061559905 682863.1599667073)
panneau 15,1.212082,6.174522,True,,,,,,,,,,,,2024-07-30 12:12:05,,2024-07-30 12:12:05,POINT (302164.4410770655 682828.8003560753)
panneau 16,1.212238,6.173902,True,,,,,,,,,,,,2024-07-30 12:12:05,,2024-07-30 12:12:05,POINT (302181.40043792955 682760.1433713139)
panneau 17,1.212213,6.173878,True,,,,,,,,,,,,2024-07-30 12:12:05,,2024-07-30 12:12:05,POINT (302178.6739616359 682757.437365479)
panneau 18,1.212423,6.172988,True,Campus Sud,Rectangle,Informationel,indication,,,,,,,,2024-07-30 12:12:05,,2024-07-30 12:12:05,POINT (302201.5867613336 682658.935707931)
panneau 19,1.212386,6.173185,True,,,,,,,,,,,,2024-07-30 12:12:06,,2024-07-30 12:12:06,POINT (302197.4838163297 682680.783549094)
panneau 20,1.212565,6.173046,True,Campus Sud,Cercle,Routier,Danger,,,,,,,,2024-07-30 12:12:06,,2024-07-30 12:12:06,POINT (302217.2970980932 682665.307569196)
panneau 24,1.213957,6.173239,True,Campus Sud,Hec/Hex/gone,Routier,indication,,,,,,,,2024-07-30 12:12:06,,2024-07-30 12:12:06,POINT (302371.47119460965 682686.1349987112)
panneau 26,1.214294,6.173267,True,Campus Sud,Cercle,Routier,Interdiction,,,,,,,,2024-07-30 12:12:06,,2024-07-30 12:12:06,POINT (302408.7752872524 682689.1554121606)
panneau 27,1.214251,6.173256,True,Campus Sud,Cercle,Routier,Interdiction,,,,,,,,2024-07-30 12:12:06,,2024-07-30 12:12:06,POINT (302404.0441053867 682687.9142924196)
panneau 28,1.214245,6.173297,True,Campus Sud,Hec/Hex/gone,Informationel,indication,,,,,,,,2024-07-30 12:12:06,,2024-07-30 12:12:06,POINT (302403.29995533614 682692.4390965459)
panneau 29,1.214229,6.173393,True,Campus Sud,Hec/Hex/gone,Informationel,indication,,,,,,,,2024-07-30 12:12:06,,2024-07-30 12:12:06,POINT (302401.6487663061 682703.0862710369)
panneau 29,1.214229,6.173488,True,Campus Sud,Hec/Hex/gone,Informationel,indication,,,,,,,,2024-07-30 12:12:06,,2024-07-30 12:12:06,POINT (302401.63099315367 682713.6317498215)
panneau ,1.214898,6.173211,True,Campus Sud,Carré,Routier,indication,,,,,,,,2024-07-30 12:12:06,,2024-07-30 12:12:06,POINT (302475.5912275837 682682.7533955376)
panneau 34,1.214805,6.173369,True,Campus Sud,Cercle,Routier,Interdiction,,,,,,,,2024-07-30 12:12:06,,2024-07-30 12:12:06,POINT (302465.3807401752 682700.1908884188)
panneau 35,1.214917,6.173213,True,Campus Sud,Cercle,Routier,indication,,,,,,,,2024-07-30 12:12:06,,2024-07-30 12:12:06,POINT (302477.6919926792 682682.9268025156)
panneau 36,1.21506,6.173336,True,Campus Sud,Cercle,Routier,Interdiction,,,,,,,,2024-07-30 12:12:06,,2024-07-30 12:12:06,POINT (302493.54790691595 682696.4304863497)
Rue Messanvi Foli,1.215126,6.173339,True,Campus Sud,Rectangle,Informationel,indication,,,,,,,,2024-07-30 12:12:06,,2024-07-30 12:12:06,POINT (302500.84208324825 682696.8024276195)
panneau 38,1.215203,6.173339,True,Campus Sud,Cercle,Routier,Interdiction,,,,,,,,2024-07-30 12:12:06,,2024-07-30 12:12:06,POINT (302509.38256716705 682696.7543340643)
panneau 39,1.215227,6.173164,True,,,,,,,,,,,,2024-07-30 12:12:06,,2024-07-30 12:12:06,POINT (302512.0383429325 682677.4371297711)
panneau 40,1.214179,6.17157,True,,,,,,,,,,,,2024-07-30 12:12:06,,2024-07-30 12:12:06,POINT (302395.36319386936 682501.4691994194)
panneau 43,1.21287,6.16996,True,Campus Sud,Rectangle,Informationel,indication,,,,,,,,2024-07-30 12:12:06,,2024-07-30 12:12:06,POINT (302249.87087908905 682323.904698441)
panneau 45,1.21339,6.17042,True,,,,,,,,,,,,2024-07-30 12:12:06,,2024-07-30 12:12:06,POINT (302307.667780469 682374.6319702818)
panneau 46,1.213494,6.170275,True,,,,,,,,,,,,2024-07-30 12:12:06,,2024-07-30 12:12:06,POINT (302319.0832709111 682358.5018370806)
panneau 47,1.213416,6.170123,True,,,,,,,,,,,,2024-07-30 12:12:06,,2024-07-30 12:12:06,POINT (302310.4487956066 682341.7698114859)
panneau 48,1.213689,6.170098,True,Campus Sud,Cercle,Routier,Interdiction,,,,,,,,2024-07-30 12:12:06,,2024-07-30 12:12:06,POINT (302340.6522739934 682338.8563650022)
panneau 49,1.214981,6.170861,True,Campus Sud,Rectangle,Informationel,indication,,,,,,,,2024-07-30 12:12:06,,2024-07-30 12:12:06,POINT (302483.89949019655 682422.817918141)
panneau 50,1.215258,6.170954,True,,,,,,,,,,,,2024-07-30 12:12:06,,2024-07-30 12:12:06,POINT (302514.59753784374 682432.9685237049)
panneau 51,1.215331,6.170905,True,,,,,,,,,,,,2024-07-30 12:12:06,,2024-07-30 12:12:06,POINT (302522.7028333736 682427.5542015267)
panneau 52,1.215519,6.170844,True,,,,,,,,,,,,2024-07-30 12:12:06,,2024-07-30 12:12:06,POINT (302543.505939911 682420.7049400683)
panneau 53,1.216088,6.169947,True,,,,,,,,,,,,2024-07-30 12:12:06,,2024-07-30 12:12:06,POINT (302606.09390896605 682321.2590473489)
panneau 54,1.216138,6.16997,True,,,,,,,,,,,,2024-07-30 12:12:06,,2024-07-30 12:12:06,POINT (302611.6004055358 682323.8252626155)
panneau 55,1.216167,6.169046,True,Campus Sud,Hec/Hex/gone,Routier,indication,,,,,,,,2024-07-30 12:12:06,,2024-07-30 12:12:06,POINT (302614.5282050015 682221.6627126356)
panneau 56,1.216202,6.168999,True,Campus Sud,Carré,Informationel,indication,,,,,,,,2024-07-30 12:12:06,,2024-07-30 12:12:06,POINT (302618.3171634646 682216.3944713196)
panneau 57,1.216311,6.168849,True,Campus Sud,Carré,Informationel,indication,,,,,,,,2024-07-30 12:12:06,,2024-07-30 12:12:06,POINT (302630.37857755995 682199.7513139944)
panneau 58,1.216341,6.168713,True,Campus Sud,Carré,Informationel,indication,,,,,,,,2024-07-30 12:12:06,,2024-07-30 12:12:06,POINT (302633.63997913525 682184.687069178)
panneau 59,1.216359,6.168605,True,Campus Sud,Carré,Informationel,indication,,,,,,,,2024-07-30 12:12:06,,2024-07-30 12:12:06,POINT (302635.56162200304 682172.803648312)
panneau 60,1.216422,6.168494,True,Campus Sud,Carré,Informationel,indication,,,,,,,,2024-07-30 12:12:06,,2024-07-30 12:12:06,POINT (302642.52237165265 682160.421164522)
panneau 61,1.21647,6.168347,True,Campus Sud,Carré,Informationel,indication,,,,,,,,2024-07-30 12:12:07,,2024-07-30 12:12:07,POINT (302647.80873564084 682144.1689730838)
panneau 62,1.216514,6.16822,True,Campus Sud,Carré,Informationel,indication,,,,,,,,2024-07-30 12:12:07,,2024-07-30 12:12:07,POINT (302652.6086664363 682130.0794717974)
panneau 63,1.216539,6.168147,True,Campus Sud,Carré,Informationel,indication,,,,,,,,2024-07-30 12:12:07,,2024-07-30 12:12:07,POINT (302655.3545913285 682122.0586534353)
panneau 64,1.216578,6.168004,True,Campus Sud,Carré,Informationel,indication,,,,,,,,2024-07-30 12:12:07,,2024-07-30 12:12:07,POINT (302659.65957426943 682106.2631953914)
panneau 65,1.216529,6.167804,True,Campus Sud,Carré,Informationel,indication,,,,,,,,2024-07-30 12:12:07,,2024-07-30 12:12:07,POINT (302654.0755721928 682084.1735788523)
panneau 66,1.216574,6.167214,True,Campus Sud,Cercle,Informationel,Interdiction,,,,,,,,2024-07-30 12:12:07,,2024-07-30 12:12:07,POINT (302658.86481472827 682018.9065604358)
panneau 67,1.217751,6.167125,True,Campus Sud,Carré,Informationel,Interdiction,,,,,,,,2024-07-30 12:12:07,,2024-07-30 12:12:07,POINT (302789.17350757075 682008.5989524361)
panneau 68,1.217839,6.166944,True,Campus Sud,Carré,Informationel,Interdiction,,,,,,,,2024-07-30 12:12:07,,2024-07-30 12:12:07,POINT (302798.8016851016 681988.5288571557)
panneau 68,1.217891,6.166208,True,Campus Sud,Carré,Informationel,Interdiction,,,,,,,,2024-07-30 12:12:07,,2024-07-30 12:12:07,POINT (302804.2399616094 681907.0927069995)
panneau 70,1.217716,6.167879,True,Campus Sud,Cercle,Routier,Obligation,,,,,,,,2024-07-30 12:12:07,,2024-07-30 12:12:07,POINT (302785.4861528878 682091.9470089398)
panneau 71,1.217648,6.168026,True,Campus Sud,Hec/Hex/gone,Routier,indication,,,,,,,,2024-07-30 12:12:07,,2024-07-30 12:12:07,POINT (302778.0402462771 682108.2119255161)
panneau 72,1.217671,6.168066,True,Campus Sud,Triangle,Routier,indication,,,,,,,,2024-07-30 12:12:07,,2024-07-30 12:12:07,POINT (302780.62408849865 682112.6238374369)
panneau 73,1.217565,6.167984,True,Campus Sud,Triangle,Routier,Danger,,,,,,,,2024-07-30 12:12:07,,2024-07-30 12:12:07,POINT (302768.8842134576 682103.6251259017)
panneau 74,1.217765,6.168113,True,Campus Sud,Hec/Hex/gone,Routier,indication,,,,,,,,2024-07-30 12:12:07,,2024-07-30 12:12:07,POINT (302791.08506142744 682117.8488423021)
panneau 75,1.216688,6.169902,True,,,,,,,,,,,,2024-07-30 12:12:07,,2024-07-30 12:12:07,POINT (302672.50976002525 682316.0986150292)
panneau 77,1.216865,6.168912,True,Campus Sud,Carré,Informationel,indication,,,,,,,,2024-07-30 12:12:07,,2024-07-30 12:12:07,POINT (302691.6862730796 682206.5027209077)
panneau 78,1.217417,6.169865,True,,,,,,,,,,,,2024-07-30 12:12:07,,2024-07-30 12:12:07,POINT (302753.22571284254 682311.6745575857)
panneau 79,1.218926,6.171588,True,Campus Sud,Rectangle,Informationel,indication,,,,,,,,2024-07-30 12:12:07,,2024-07-30 12:12:07,POINT (302920.82040143886 682501.7618272705)
panneau 80,1.21896,6.171649,True,Campus Sud,Cercle,Routier,Interdiction,,,,,,,,2024-07-30 12:12:07,,2024-07-30 12:12:07,POINT (302924.64383591805 682508.4633686641)
panneau 81,1.21905,6.171949,True,Campus Sud,Cercle,Routier,Obligation,,,,,,,,2024-07-30 12:12:07,,2024-07-30 12:12:07,POINT (302934.714975908 682541.5654832587)
panneau 82,1.219055,6.171946,True,Campus Sud,Rectangle,Routier,indication,,,,,,,,2024-07-30 12:12:07,,2024-07-30 12:12:07,POINT (302935.210181883 682541.3046225838)
panneau 83,1.216103,6.173261,True,Campus Sud,Rectangle,Informationel,indication,,,,,,,,2024-07-30 12:12:07,,2024-07-30 12:12:07,POINT (302609.0234607684 682687.7604954414)
panneau 84,1.215904,6.173389,True,Campus Sud,Cercle,Routier,indication,,,,,,,,2024-07-30 12:12:07,,2024-07-30 12:12:07,POINT (302587.06303895474 682701.9926579735)
panneau 85,1.215886,6.173386,True,Campus Sud,Rectangle,Informationel,indication,,,,,,,,2024-07-30 12:12:07,,2024-07-30 12:12:07,POINT (302585.0300007075 682701.7517310255)
panneau 86,1.215751,6.173529,True,Campus Sud,Cercle,Routier,Obligation,,,,,,,,2024-07-30 12:12:07,,2024-07-30 12:12:07,POINT (302570.137865084 682717.5594571289)
panneau 87,1.215718,6.173658,True,Campus Sud,Cercle,Routier,Obligation,,,,,,,,2024-07-30 12:12:07,,2024-07-30 12:12:07,POINT (302566.56827421836 682731.7952776419)
panneau 88,1.215768,6.173884,True,Campus Sud,Cercle,Routier,indication,,,,,,,,2024-07-30 12:12:07,,2024-07-30 12:12:07,POINT (302572.1511235351 682756.8311868453)
panneau 89,1.21574,6.173935,True,,,,,,,,,,,,2024-07-30 12:12:07,,2024-07-30 12:12:07,POINT (302569.0995839019 682762.4851678973)
panneau 90,1.215427,6.174344,True,Campus Sud,Cercle,Routier,Danger,,,,,,,,2024-07-30 12:12:07,,2024-07-30 12:12:07,POINT (302534.60951796186 682807.8215808185)
panneau 91,1.213841,6.181715,True,,,,,,,,,,,,2024-07-30 12:12:07,,2024-07-30 12:12:07,POINT (302361.79974964657 683623.6202050591)
panneau 92,1.212714,6.181878,True,Campus Nord,Rectangle,Informationel,Interdiction,,,,,,,,2024-07-30 12:12:07,,2024-07-30 12:12:07,POINT (302237.0317828896 683642.0555754907)
panneau 93,1.210948,6.181915,True,,,,,,,,,,,,2024-07-30 12:12:07,,2024-07-30 12:12:07,POINT (302041.66964305425 683646.8310023)
panneau 94,1.210637,6.18215,True,Campus Nord,Rectangle,Informationel,Interdiction,,,,,,,,2024-07-30 12:12:07,,2024-07-30 12:12:07,POINT (302007.2498389202 683672.936022968)
panneau 95,1.209459,6.182259,True,Campus Nord,Rectangle,Informationel,indication,,,,,,,,2024-07-30 12:12:08,,2024-07-30 12:12:08,POINT (301876.95636069804 683685.4417814551)
panneau 96,1.209142,6.182943,True,,,,,,,,,,,,2024-07-30 12:12:08,,2024-07-30 12:12:08,POINT (301842.12147115736 683761.1556359435)
panneau 97,1.2099,6.187485,True,Campus Nord,Hec/Hex/gone,Informationel,indication,,,,,,,,2024-07-30 12:12:08,,2024-07-30 12:12:08,POINT (301927.6503205227 684263.2015424772)
panneau 98,1.209775,6.187646,True,Campus Nord,Cercle,Informationel,Obligation,,,,,,,,2024-07-30 12:12:08,,2024-07-30 12:12:08,POINT (301913.8936959886 684281.0816954946)
panneau 100,1.209971,6.187211,True,Campus Nord,Cercle,Informationel,Interdiction,,,,,,,,2024-07-30 12:12:08,,2024-07-30 12:12:08,POINT (301935.465092737 684232.8631551755)
panneau 101,1.210226,6.186988,True,Campus Nord,Cercle,Routier,Interdiction,,,,,,,,2024-07-30 12:12:08,,2024-07-30 12:12:08,POINT (301963.64005305676 684208.1273155268)
panonceau ,1.210285,6.186601,True,Campus Nord,Carré,Informationel,indication,,,,,,,,2024-07-30 12:12:08,,2024-07-30 12:12:08,POINT (301969.98659923027 684165.3271596034)
panneau 104,1.210491,6.186325,True,,,,,,,,,,,,2024-07-30 12:12:08,,2024-07-30 12:12:08,POINT (301992.6544736184 684134.6848091893)
panneau 105,1.210614,6.185943,True,,,,,,,,,,,,2024-07-30 12:12:08,,2024-07-30 12:12:08,POINT (302006.09994697454 684092.4317258059)
panneau ,1.210767,6.185736,True,Campus Nord,Carré,Informationel,Interdiction,,,,,,,,2024-07-30 12:12:08,,2024-07-30 12:12:08,POINT (302023.0552357344 684069.4412888889)
panneau 103,1.211117,6.184959,True,Campus Nord,Rectangle,Informationel,Interdiction,,,,,,,,2024-07-30 12:12:08,,2024-07-30 12:12:08,POINT (302061.42254720686 683983.3604465515)
panneau 106,1.211436,6.184651,True,Campus Nord,Carré,Routier,indication,,,,,,,,2024-07-30 12:12:08,,2024-07-30 12:12:08,POINT (302096.62087175087 683949.2101636794)
panneau 107,1.211496,6.18457,True,Campus Nord,Carré,Routier,indication,,,,,,,,2024-07-30 12:12:08,,2024-07-30 12:12:08,POINT (302103.20542936394 683940.2827291453)
panneau 109,1.211602,6.184413,True,Campus Nord,Carré,Routier,indication,,,,,,,,2024-07-30 12:12:08,,2024-07-30 12:12:08,POINT (302114.939333269 683922.8695504828)
panneau 110,1.211623,6.184376,True,Campus Nord,Carré,Routier,indication,,,,,,,,2024-07-30 12:12:08,,2024-07-30 12:12:08,POINT (302117.2310865235 683918.7564754108)
panneau 111,1.211642,6.184351,True,Campus Nord,Carré,Routier,indication,,,,,,,,2024-07-30 12:12:08,,2024-07-30 12:12:08,POINT (302119.3910131607 683915.926770902)
panneau 112,1.211676,6.184295,True,Campus Nord,Carré,Routier,indication,,,,,,,,2024-07-30 12:12:08,,2024-07-30 12:12:08,POINT (302123.0305693982 683909.7343602842)
panneau 114,1.21172,6.184193,True,Campus Nord,Carré,Routier,indication,,,,,,,,2024-07-30 12:12:08,,2024-07-30 12:12:08,POINT (302127.8994781395 683898.495691399)
panneau 115,1.211792,6.1841,True,Campus Nord,Carré,Routier,indication,,,,,,,,2024-07-30 12:12:08,,2024-07-30 12:12:08,POINT (302135.8030350326 683888.1360184032)
panneau 116,1.211831,6.184058,True,Campus Nord,Carré,Routier,indication,,,,,,,,2024-07-30 12:12:08,,2024-07-30 12:12:08,POINT (302140.0996427024 683883.4621108173)
panneau 117,1.21186,6.184006,True,Campus Nord,Carré,Routier,indication,,,,,,,,2024-07-30 12:12:08,,2024-07-30 12:12:08,POINT (302143.31341855525 683877.7046754459)
panneau 118,1.211894,6.184619,True,,,,,,,,,,,,2024-07-30 12:12:08,,2024-07-30 12:12:08,POINT (302147.35447356594 683945.4760705943)
panneau 119,1.210334,6.186711,True,Campus Nord,Cercle,Routier,Interdiction,,,,,,,,2024-07-30 12:12:08,,2024-07-30 12:12:08,POINT (301975.42599304195 684177.4200989928)
panneau 120,1.209449,6.181994,True,,,,,,,,,,,,2024-07-30 12:12:08,,2024-07-30 12:12:08,POINT (301875.6831977498 683656.1001864064)
panneau 121,1.211618,6.177095,True,Campus Sud,Rectangle,Informationel,indication,,,,,,,,2024-07-30 12:12:08,,2024-07-30 12:12:08,POINT (302114.01469218894 683113.4332104584)
panneau 122,1.211511,6.176844,True,,,,,,,,,,,,2024-07-30 12:12:09,,2024-07-30 12:12:09,POINT (302102.0460821443 683085.7677357757)
panneau 123,1.21075,6.17191,True,Campus Sud,Rectangle,Informationel,indication,,,,,,,,2024-07-30 12:12:09,,2024-07-30 12:12:09,POINT (302015.9614991785 682540.3462775105)
panneau 124,1.213076,6.179205,True,Campus Sud,Hec/Hex/gone,Informationel,indication,,,,,,,,2024-07-30 12:12:09,,2024-07-30 12:12:09,POINT (302276.16126845987 683346.3501708834)
panneau 125,1.2129,6.179188,True,Campus Sud,Carré,Informationel,indication,,,,,,,,2024-07-30 12:12:09,,2024-07-30 12:12:09,POINT (302256.6707284559 683344.4691173172)
panneau 126,1.213254,6.179224,True,Campus Sud,Hec/Hex/gone,Routier,Obligation,,,,,,,,2024-07-30 12:12:09,,2024-07-30 12:12:09,POINT (302295.8390906751 683348.2980658659)
panneau 127,1.212669,6.179321,True,Campus Sud,Cercle,Routier,Obligation,,,,,,,,2024-07-30 12:12:09,,2024-07-30 12:12:09,POINT (302231.1649887888 683359.2553444855)
panneau 128,1.212263,6.180177,True,Campus Sud,Cercle,Routier,Interdiction,,,,,,,,2024-07-30 12:12:09,,2024-07-30 12:12:09,POINT (302186.56371091737 683454.1404341877)
panneau 130,1.211998,6.180321,True,Campus Sud,Carré,Routier,indication,,,,,,,,2024-07-30 12:12:09,,2024-07-30 12:12:09,POINT (302157.2335044622 683470.1539204492)
panneau 131,1.212275,6.180282,True,Campus Sud,Hec/Hex/gone,Informationel,indication,,,,,,,,2024-07-30 12:12:09,,2024-07-30 12:12:09,POINT (302187.9187895538 683465.7507880097)
panneau 132,1.213049,6.180342,True,Campus Sud,Hec/Hex/gone,Informationel,indication,,,,,,,,2024-07-30 12:12:09,,2024-07-30 12:12:09,POINT (302273.5838786747 683472.0700664136)
panneau 133,1.213298,6.179884,True,Campus Sud,Hec/Hex/gone,Informationel,indication,,,,,,,,2024-07-30 12:12:09,,2024-07-30 12:12:09,POINT (302301.0265758631 683421.3543184748)
panneau 134,1.212669,6.185371,True,Campus Nord,Rectangle,Informationel,indication,,,,,,,,2024-07-30 12:12:09,,2024-07-30 12:12:09,POINT (302233.37832508446 684028.4133366131)
panneau 135,1.212438,6.185363,True,Campus Nord,Rectangle,Informationel,indication,,,,,,,,2024-07-30 12:12:09,,2024-07-30 12:12:09,POINT (302207.8215039424 684027.5757838109)
panneau 136,1.212401,6.185416,True,Campus Nord,Rectangle,Informationel,indication,,,,,,,,2024-07-30 12:12:09,,2024-07-30 12:12:09,POINT (302203.6972561305 684033.471206668)
panneau 137,1.212261,6.185331,True,Campus Nord,Cercle,Informationel,indication,,,,,,,,2024-07-30 12:12:09,,2024-07-30 12:12:09,POINT (302188.1953483636 684024.1435959904)
panneau 138,1.212249,6.185415,True,Campus Nord,Cercle,Informationel,Interdiction,,,,,,,,2024-07-30 12:12:09,,2024-07-30 12:12:09,POINT (302186.9380228699 684033.3782599414)
panneau 139,1.209643,6.187795,True,Campus Nord,Cercle,Routier,Interdiction,,,,,,,,2024-07-30 12:12:09,,2024-07-30 12:12:09,POINT (301899.3699061171 684297.6107282276)
Panneau ,1.21461,6.175953,True,Campus Sud,Rectangle,Informationel,indication,,,,,,,,2024-07-30 12:12:09,,2024-07-30 12:12:09,POINT (302444.6833591778 682986.0690402959)
Panneau ,1.214705,6.175834,True,Campus Sud,Rectangle,Informationel,indication,,,,,,,,2024-07-30 12:12:09,,2024-07-30 12:12:09,POINT (302455.2031363711 682972.8760465765)
Panneau ,1.214661,6.174758,True,Campus Sud,Cercle,Routier,indication,,,,,,,,2024-07-30 12:12:09,,2024-07-30 12:12:09,POINT (302449.92048185633 682853.8427994985)
Panneau ,1.214323,6.174754,True,Campus Sud,Rectangle,Informationel,indication,,,,,,,,2024-07-30 12:12:09,,2024-07-30 12:12:09,POINT (302412.4938019315 682853.5657198037)
Panneau ,1.213545,6.175222,True,Campus Sud,Rectangle,Informationel,indication,,,,,,,,2024-07-30 12:12:09,,2024-07-30 12:12:09,POINT (302326.56434122554 682905.6044819201)
Panneau ,1.213528,6.174724,True,Campus Sud,Cercle,Routier,indication,,,,,,,,2024-07-30 12:12:09,,2024-07-30 12:12:09,POINT (302324.51329736435 682850.5075145719)
Panneau ,1.213333,6.174664,True,Campus Sud,Cercle,Routier,Interdiction,,,,,,,,2024-07-30 12:12:09,,2024-07-30 12:12:09,POINT (302302.89518566045 682844.0083694042)
Panneau ,1.213977,6.175419,True,Campus Sud,Rectangle,Informationel,indication,,,,,,,,2024-07-30 12:12:09,,2024-07-30 12:12:09,POINT (302374.4262800807 682927.2226770753)
Panneau 114,1.211606,6.184489,True,Campus Nord,Carré,Routier,indication,,,,,,,,2024-07-30 12:12:09,,2024-07-30 12:12:09,POINT (302115.4406606294 683931.2898685262)
Panneau 113,1.211696,6.184359,True,Campus Nord,Rectangle,Informationel,Interdiction,,,,,,,,2024-07-30 12:12:09,,2024-07-30 12:12:09,POINT (302125.3246528676 683916.7921735947)
Panneau 108,1.211518,6.184505,True,Campus Nord,Carré,Routier,indication,,,,,,,,2024-07-30 12:12:09,,2024-07-30 12:12:09,POINT (302105.7072911761 683933.0412586684)
Panneau 105,1.211633,6.185035,True,Campus Nord,Rectangle,Informationel,Interdiction,,,,,,,,2024-07-30 12:12:09,,2024-07-30 12:12:09,POINT (302118.59427422937 683991.653018624)
Panneau 104,1.211444,6.185023,True,Campus Nord,Rectangle,Informationel,Interdiction,,,,,,,,2024-07-30 12:12:09,,2024-07-30 12:12:09,POINT (302097.6885145795 683990.3614811637)
Panneau 104,1.211342,6.184743,True,Campus Nord,Rectangle,Informationel,Interdiction,,,,,,,,2024-07-30 12:12:09,,2024-07-30 12:12:09,POINT (302086.24167584494 683959.4657350202)
Panneau 102,1.210507,6.185493,True,Campus Nord,Rectangle,Informationel,Interdiction,,,,,,,,2024-07-30 12:12:09,,2024-07-30 12:12:09,POINT (301994.1709419492 684042.631884637)
Panneau 102,1.210557,6.185085,True,Campus Nord,Rectangle,Informationel,Interdiction,,,,,,,,2024-07-30 12:12:09,,2024-07-30 12:12:09,POINT (301999.48140461225 683997.5450764645)
Panneau ,1.219058,6.171957,True,Campus Sud,Rectangle,Informationel,indication,,,,,,,,2024-07-30 12:12:10,,2024-07-30 12:12:10,POINT (302935.5654308295 682542.5284328316)
Panneau ,1.219118,6.171953,True,Campus Sud,Rectangle,Informationel,indication,,,,,,,,2024-07-30 12:12:10,,2024-07-30 12:12:10,POINT (302942.1818094352 682542.0762421188)
Panneau ,1.210007,6.187641,True,Campus Nord,Rectangle,Informationel,Interdiction,,,,,,,,2024-07-30 12:12:10,,2024-07-30 12:12:10,POINT (301939.5516062203 684280.4046728843)
Panneau ,1.210111,6.18725,True,Campus Nord,Rectangle,Informationel,indication,,,,,,,,2024-07-30 12:12:10,,2024-07-30 12:12:10,POINT (301950.9893026062 684237.1978248853)
Panneau ,1.218562,6.172078,True,Campus Sud,Triangle,Routier,indication,,,,,,,,2024-07-30 12:12:10,,2024-07-30 12:12:10,POINT (302880.6945995682 682556.0909358638)
Panneau ,1.218895,6.171738,True,Campus Sud,Triangle,Routier,indication,,,,,,,,2024-07-30 12:12:10,,2024-07-30 12:12:10,POINT (302917.4644986039 682518.3651258048)
Panneau ,1.218881,6.17173,True,Campus Sud,Rectangle,Informationel,indication,,,,,,,,2024-07-30 12:12:10,,2024-07-30 12:12:10,POINT (302915.92273476865 682517.4159373647)
Panneau ,1.214465,6.176426,True,Campus Sud,Rectangle,Informationel,Obligation,,,,,,,,2024-07-30 12:12:10,,2024-07-30 12:12:10,POINT (302428.88682632556 683038.4494864838)
Panneau ,1.214103,6.176636,True,Campus Sud,Rectangle,Informationel,Obligation,,,,,,,,2024-07-30 12:12:10,,2024-07-30 12:12:10,POINT (302388.9072264641 683061.7554999914)
Panneau ,1.213295,6.177403,True,Campus Sud,Rectangle,Informationel,Interdiction,,,,,,,,2024-07-30 12:12:10,,2024-07-30 12:12:10,POINT (302299.6967995379 683146.9325337232)
Panneau ,1.213124,6.177937,True,Campus Sud,Rectangle,Informationel,Interdiction,,,,,,,,2024-07-30 12:12:10,,2024-07-30 12:12:10,POINT (302280.9842384814 683206.0191436373)
Panneau ,1.212724,6.177557,True,Campus Sud,Rectangle,Informationel,Interdiction,,,,,,,,2024-07-30 12:12:10,,2024-07-30 12:12:10,POINT (302236.5595984925 683164.1690754523)
Panneau ,1.212748,6.177856,True,Campus Sud,Rectangle,Informationel,Interdiction,,,,,,,,2024-07-30 12:12:10,,2024-07-30 12:12:10,POINT (302239.3879439498 683197.217038766)
Panneau ,1.212461,6.177622,True,Campus Sud,Rectangle,Informationel,Interdiction,,,,,,,,2024-07-30 12:12:10,,2024-07-30 12:12:10,POINT (302207.4494549348 683171.4943498154)
Panneau ,1.2132,6.176637,True,Campus Sud,Rectangle,Informationel,Interdiction,,,,,,,,2024-07-30 12:12:10,,2024-07-30 12:12:10,POINT (302288.90476025443 683062.2883032793)
Panneau ,1.218782,6.171005,True,Campus Sud,Rectangle,Informationel,indication,,,,,,,,2024-07-30 12:12:10,,2024-07-30 12:12:10,POINT (302904.74081211304 682437.2617214065)
Panneau ,1.218782,6.170864,True,Campus Sud,Rectangle,Informationel,indication,,,,,,,,2024-07-30 12:12:10,,2024-07-30 12:12:10,POINT (302904.60044693877 682421.7287834523)
Panneau ,1.219187,6.170506,True,Campus Sud,Rectangle,Informationel,indication,,,,,,,,2024-07-30 12:12:10,,2024-07-30 12:12:10,POINT (302949.35363148665 682381.9640547119)
Panneau ,1.219185,6.17048,True,Campus Sud,Rectangle,Informationel,indication,,,,,,,,2024-07-30 12:12:10,,2024-07-30 12:12:10,POINT (302949.08943438507 682379.0604798439)
Panneau ,1.219486,6.170064,True,Campus Sud,Rectangle,Informationel,indication,,,,,,,,2024-07-30 12:12:10,,2024-07-30 12:12:10,POINT (302982.21363234293 682332.9564665222)
Panneau ,1.219606,6.170031,True,Campus Sud,Rectangle,Informationel,indication,,,,,,,,2024-07-30 12:12:10,,2024-07-30 12:12:10,POINT (302995.4920105662 682329.2485283491)
Panneau ,1.219718,6.169672,True,Campus Sud,Rectangle,Informationel,indication,,,,,,,,2024-07-30 12:12:10,,2024-07-30 12:12:10,POINT (303007.8034842849 682289.5858008837)
Panneau ,1.21972,6.169328,True,Campus Sud,Carré,Informationel,indication,,,,,,,,2024-07-30 12:12:10,,2024-07-30 12:12:10,POINT (303007.9076078386 682251.4601286027)
Panneau ,1.219097,6.169363,True,Campus Sud,Rectangle,Informationel,indication,,,,,,,,2024-07-30 12:12:10,,2024-07-30 12:12:10,POINT (302938.91734023 682255.6336554834)
Panneau ,1.218884,6.169273,True,Campus Sud,Rectangle,Informationel,indication,,,,,,,,2024-07-30 12:12:10,,2024-07-30 12:12:10,POINT (302915.34218369494 682245.7674101838)
Panneau ,1.218714,6.168668,True,Campus Sud,Rectangle,Informationel,indication,,,,,,,,2024-07-30 12:12:10,,2024-07-30 12:12:10,POINT (302896.32772370323 682178.8858193093)
Panneau ,1.215851,6.168155,True,Campus Sud,Cercle,Informationel,Obligation,,,,,,,,2024-07-30 12:12:10,,2024-07-30 12:12:10,POINT (302579.17114014365 682123.199464339)
Panneau ,1.217244,6.168417,True,Campus Sud,Cercle,Routier,Obligation,,,,,,,,2024-07-30 12:12:10,,2024-07-30 12:12:10,POINT (302733.5334093607 682151.5996536432)
Panneau ,1.217227,6.168342,True,Campus Sud,Rectangle,Informationel,indication,,,,,,,,2024-07-30 12:12:10,,2024-07-30 12:12:10,POINT (302731.60654861794 682143.3953954027)
Panneau ,1.217269,6.168184,True,Campus Sud,Rectangle,Informationel,indication,,,,,,,,2024-07-30 12:12:10,,2024-07-30 12:12:10,POINT (302736.2202783558 682125.9178452406)
Panneau ,1.211185,6.182612,True,Campus Nord,Rectangle,Informationel,Interdiction,,,,,,,,2024-07-30 12:12:10,,2024-07-30 12:12:10,POINT (302068.1079853647 683723.7704299177)
Panneau ,1.210725,6.18262,True,Campus Nord,Rectangle,Informationel,Interdiction,,,,,,,,2024-07-30 12:12:10,,2024-07-30 12:12:10,POINT (302017.1959372932 683724.8633385523)
Panneau ,1.210887,6.182115,True,Campus Nord,Rectangle,Informationel,indication,,,,,,,,2024-07-30 12:12:10,,2024-07-30 12:12:10,POINT (302034.9021513178 683668.9521898812)
Panneau ,1.21114,6.18195,True,Campus Nord,Rectangle,Informationel,Interdiction,,,,,,,,2024-07-30 12:12:11,,2024-07-30 12:12:11,POINT (302062.88102924195 683650.6095475261)
Panneau ,1.212087,6.176949,True,Campus Sud,Rectangle,Informationel,Obligation,,,,,,,,2024-07-30 12:12:11,,2024-07-30 12:12:11,POINT (302165.80822953547 683097.1540731649)
Panneau ,1.211746,6.177085,True,Campus Sud,Rectangle,Informationel,Obligation,,,,,,,,2024-07-30 12:12:11,,2024-07-30 12:12:11,POINT (302128.18766674126 683112.2796239613)
Panneau 101,1.21026,6.186902,True,Campus Nord,Cercle,Informationel,Interdiction,,,,,,,,2024-07-30 12:12:11,,2024-07-30 12:12:11,POINT (301967.3138191037 684198.5700438775)
Panneau ,1.210154,6.186907,True,Campus Nord,Carré,Informationel,indication,,,,,,,,2024-07-30 12:12:11,,2024-07-30 12:12:11,POINT (301955.62053456786 684199.2268771153)
Panneau ,1.210277,6.186608,True,Campus Nord,Carré,Informationel,indication,,,,,,,,2024-07-30 12:12:11,,2024-07-30 12:12:11,POINT (301969.1458632115 684166.1315426402)
Panneau ,1.210105,6.186467,True,Campus Nord,Rectangle,Informationel,Interdiction,,,,,,,,2024-07-30 12:12:11,,2024-07-30 12:12:11,POINT (301950.00338785205 684150.5201774789)
Panneau ,1.209782,6.186523,True,Campus Nord,Rectangle,Informationel,Interdiction,,,,,,,,2024-07-30 12:12:11,,2024-07-30 12:12:11,POINT (301914.2365530823 684156.907816829)
Panneau ,1.210649,6.185889,True,Campus Nord,Rectangle,Informationel,Interdiction,,,,,,,,2024-07-30 12:12:11,,2024-07-30 12:12:11,POINT (302009.9784319133 684086.4005664565)
Panneau ,1.210747,6.186947,True,Campus Nord,Carré,Informationel,indication,,,,,,,,2024-07-30 12:12:11,,2024-07-30 12:12:11,POINT (302021.19366906316 684203.3915901168)
Panneau ,1.210427,6.186524,True,Campus Nord,Carré,Informationel,indication,,,,,,,,2024-07-30 12:12:11,,2024-07-30 12:12:11,POINT (301985.7093251742 684156.7643979393)
Panneau ,1.210324,6.186463,True,Campus Nord,Cercle,Informationel,Interdiction,,,,,,,,2024-07-30 12:12:11,,2024-07-30 12:12:11,POINT (301974.2532187372 684150.0450141705)
Ul_panneau,1.20992,6.184162,True,Campus Nord,Rectangle,Informationel,indication,,,,,,,,2024-07-30 12:12:11,,2024-07-30 12:12:11,POINT (301928.6373788954 683895.6680283435)
Ul_panneau,1.209723,6.183813,True,Campus Nord,Rectangle,Informationel,indication,,,,,,,,2024-07-30 12:12:11,,2024-07-30 12:12:11,POINT (301906.75347815617 683857.1609589756)
Ul_panneau,1.208698,6.184191,True,Campus Nord,Rectangle,Informationel,indication,,,,,,,,2024-07-30 12:12:11,,2024-07-30 12:12:11,POINT (301793.37596894725 683899.3917240317)
Ul_panneau,1.208898,6.183621,True,Campus Nord,Triangle,Informationel,indication,,,,,,,,2024-07-30 12:12:11,,2024-07-30 12:12:11,POINT (301815.3349713816 683836.2949720501)
Ul_panneau,1.208027,6.183865,True,Campus Nord,Carré,Informationel,indication,,,,,,,,2024-07-30 12:12:11,,2024-07-30 12:12:11,POINT (301719.0469198 683863.6073539834)
Ul_panneau,1.207743,6.183891,True,Campus Nord,Rectangle,Informationel,indication,,,,,,,,2024-07-30 12:12:11,,2024-07-30 12:12:11,POINT (301687.6441119848 683866.5621827239)
Ul_panneau,1.208079,6.183294,True,Campus Nord,Carré,Informationel,indication,,,,,,,,2024-07-30 12:12:11,,2024-07-30 12:12:11,POINT (301724.614003898 683800.4142713367)
Ul_panneau,1.208494,6.183422,True,Campus Nord,Carré,Informationel,indication,,,,,,,,2024-07-30 12:12:11,,2024-07-30 12:12:11,POINT (301770.52621954866 683814.3950236153)
Ul_panneau,1.208958,6.183696,True,Campus Nord,Triangle,Informationel,indication,,,,,,,,2024-07-30 12:12:11,,2024-07-30 12:12:11,POINT (301821.96949764236 683844.507700806)
Ul_panneau,1.208963,6.183703,True,Campus Nord,Triangle,Routier,indication,,,,,,,,2024-07-30 12:12:11,,2024-07-30 12:12:11,POINT (301822.539911867 683845.2777487264)
Ul_panneau,1.208877,6.18233,True,Campus Nord,Rectangle,Informationel,indication,,,,,,,,2024-07-30 12:12:11,,2024-07-30 12:12:11,POINT (301812.541775701 683693.4944922995)
Rue kossi KEKEH,1.214987,6.174713,True,Campus Sud,Rectangle,Informationel,indication,,,,,,,,2024-07-30 12:12:11,,2024-07-30 12:12:11,POINT (302486.03340053227 682848.7592506026)
Panneau d'information ,1.213677,6.174456,True,Campus Sud,Rectangle,Informationel,indication,,,,,,,,2024-07-30 12:12:11,,2024-07-30 12:12:11,POINT (302340.85776469664 682820.9000625954)
Panneau ,1.214837,6.173312,True,Campus Sud,Rectangle,Routier,indication,,,,,,,,2024-07-30 12:12:11,,2024-07-30 12:12:11,POINT (302468.91539736255 682693.954371663)
Panneau ,1.214483,6.173277,True,Campus Sud,Rectangle,Informationel,indication,,,,,,,,2024-07-30 12:12:11,,2024-07-30 12:12:11,POINT (302429.65718743444 682690.142606507)
Panneau ,1.213205,6.173181,True,Campus Sud,Rectangle,Informationel,indication,,,,,,,,2024-07-30 12:12:11,,2024-07-30 12:12:11,POINT (302288.1589870122 682680.052763789)
Panneau ,1.213092,6.173616,True,Campus Sud,Carré,Informationel,indication,,,,,,,,2024-07-30 12:12:11,,2024-07-30 12:12:11,POINT (302275.7924055052 682728.1836771797)
Panneau ,1.213312,6.173736,True,Campus Sud,Rectangle,Informationel,indication,,,,,,,,2024-07-30 12:12:11,,2024-07-30 12:12:11,POINT (302300.1916668808 682741.3568726273)
Panneau ,1.213437,6.173929,True,Campus Sud,Rectangle,Informationel,indication,,,,,,,,2024-07-30 12:12:12,,2024-07-30 12:12:12,POINT (302314.1618676104 682762.662602444)
Panneau ,1.213674,6.174037,True,Campus Sud,Hec/Hex/gone,Informationel,indication,,,,,,,,2024-07-30 12:12:12,,2024-07-30 12:12:12,POINT (302340.44387953286 682774.507858121)
Panneau ,1.21238,6.174486,True,Campus Sud,Rectangle,Informationel,indication,,,,,,,,2024-07-30 12:12:12,,2024-07-30 12:12:12,POINT (302197.31368804636 682824.6627895286)
Panneau ,1.21236,6.174453,True,Campus Sud,Rectangle,Informationel,indication,,,,,,,,2024-07-30 12:12:12,,2024-07-30 12:12:12,POINT (302195.0931747133 682821.0021074517)
Panneau ,1.212354,6.173734,True,Campus Sud,Triangle,Routier,Danger,,,,,,,,2024-07-30 12:12:12,,2024-07-30 12:12:12,POINT (302194.2324037596 682741.535474805)
Panneau ,1.212371,6.1732,True,Campus Sud,Rectangle,Informationel,indication,,,,,,,,2024-07-30 12:12:12,,2024-07-30 12:12:12,POINT (302195.886265066 682682.4471293461)
Panneau ,1.214319,6.176889,True,Campus Sud,Rectangle,Informationel,Interdiction,,,,,,,,2024-07-30 12:12:12,,2024-07-30 12:12:12,POINT (302412.8965498905 683089.7058249067)
Panneau ,1.213254,6.178517,True,Campus Sud,Triangle,Routier,indication,,,,,,,,2024-07-30 12:12:12,,2024-07-30 12:12:12,POINT (302295.6366968589 683270.1070126625)
Panneau ,1.2141,6.173164,True,Campus Sud,Rectangle,Informationel,indication,,,,,,,,2024-07-30 12:12:12,,2024-07-30 12:12:12,POINT (302387.26641119714 682677.8685084091)
Panneau poubelle ,1.214147,6.172957,True,Campus Sud,Carré,Informationel,indication,,,,,,,,2024-07-30 12:12:12,,2024-07-30 12:12:12,POINT (302392.4259624509 682654.9374004751)
Panneau poubelle ,1.21295,6.172635,True,Campus Sud,Carré,Informationel,indication,,,,,,,,2024-07-30 12:12:12,,2024-07-30 12:12:12,POINT (302259.7772769476 682619.7190556744)
Panneau poubelle ,1.212955,6.172269,True,Campus Sud,Carré,Informationel,indication,,,,,,,,2024-07-30 12:12:12,,2024-07-30 12:12:12,POINT (302260.1489922204 682579.2081097628)
Panneau poubelle ,1.213328,6.171932,True,Campus Sud,Carré,Informationel,indication,,,,,,,,2024-07-30 12:12:12,,2024-07-30 12:12:12,POINT (302301.35606836807 682541.8170620168)
Panneau d'information ,1.215785,6.17384,True,Campus Sud,Rectangle,Routier,indication,,,,,,,,2024-07-30 12:12:12,,2024-07-30 12:12:12,POINT (302574.01309554535 682751.9354618734)
Panneau ,1.216596,6.16825,True,Campus Sud,Cercle,Routier,Interdiction,,,,,,,,2024-07-30 12:12:12,,2024-07-30 12:12:12,POINT (302661.6931426602 682133.4565654397)
Panneau ,1.214096,6.170135,True,Campus Sud,Cercle,Routier,Interdiction,,,,,,,,2024-07-30 12:12:12,,2024-07-30 12:12:12,POINT (302385.71530182636 682342.8645953002)
Panneau ,1.214323,6.169792,True,Campus Sud,Cercle,Routier,Interdiction,,,,,,,,2024-07-30 12:12:12,,2024-07-30 12:12:12,POINT (302410.6605714683 682304.7860939176)
Panneau ,1.215361,6.16878,True,Campus Sud,Rectangle,Informationel,indication,,,,,,,,2024-07-30 12:12:12,,2024-07-30 12:12:12,POINT (302525.2041102279 682192.457805678)
panneau 119,1.210349,6.186698,True,Campus Nord,Cercle,Routier,Interdiction,,,,,,,,2024-07-30 12:12:12,,2024-07-30 12:12:12,POINT (301977.11725483387 684175.9718545957)
Panneau dos ,1.209656,6.187034,True,Campus Nord,Triangle,Routier,Danger,,,,,,,,2024-07-30 12:12:12,,2024-07-30 12:12:12,POINT (301900.5214191158 684213.4235033509)
Panneau interdit ,1.21848,6.170444,True,Campus Sud,Cercle,Routier,Interdiction,,,,,,,,2024-07-30 12:12:12,,2024-07-30 12:12:12,POINT (302871.0257476307 682375.351726271)
Panneau ,1.213791,6.170002,True,Campus Sud,Rectangle,Routier,indication,,,,,,,,2024-07-30 12:12:12,,2024-07-30 12:12:12,POINT (302351.9292672952 682328.2312664721)
Panneau interdit ,1.213714,6.17001,True,Campus Sud,Cercle,Routier,Interdiction,,,,,,,,2024-07-30 12:12:12,,2024-07-30 12:12:12,POINT (302343.3484303494 682329.1071005489)
Panneau d'information ,1.213604,6.169991,True,Campus Sud,Carré,Routier,indication,,,,,,,,2024-07-30 12:12:13,,2024-07-30 12:12:13,POINT (302331.2073972767 682327.102079966)
Panneau indiquant ,1.213604,6.170018,True,Campus Sud,Carré,Routier,indication,,,,,,,,2024-07-30 12:12:13,,2024-07-30 12:12:13,POINT (302331.204350675 682330.0482532155)
Panneau indiquant ,1.213699,6.170102,True,Campus Sud,Carré,Routier,indication,,,,,,,,2024-07-30 12:12:13,,2024-07-30 12:12:13,POINT (302341.72821564454 682339.2925127426)
Panneau ,1.213599,6.170403,True,Campus Sud,Cercle,Routier,Interdiction,,,,,,,,2024-07-30 12:12:13,,2024-07-30 12:12:13,POINT (302330.77791420376 682372.6885567304)
Panneau  obligatoire ,1.213602,6.170417,True,Campus Sud,Cercle,Routier,Obligation,,,,,,,,2024-07-30 12:12:13,,2024-07-30 12:12:13,POINT (302331.12909316714 682374.1403526962)
Panneau ,1.213723,6.170583,True,Campus Sud,Cercle,Routier,Interdiction,,,,,,,,2024-07-30 12:12:13,,2024-07-30 12:12:13,POINT (302344.5364524423 682392.4912331047)
Panonceau ,1.214838,6.173309,True,Campus Sud,Rectangle,Routier,indication,,,,,,,,2024-07-30 12:12:13,,2024-07-30 12:12:13,POINT (302468.9560618637 682693.6027490133)
Cédez le passage ,1.213877,6.173128,True,Campus Sud,Triangle,Routier,Danger,,,,,,,,2024-07-30 12:12:13,,2024-07-30 12:12:13,POINT (302362.5330941828 682673.9427585335)
Panneau ,1.214261,6.173162,True,Campus Sud,Rectangle,Informationel,indication,,,,,,,,2024-07-30 12:12:13,,2024-07-30 12:12:13,POINT (302405.1048147096 682677.515270316)
panneau 34,1.214805,6.173308,True,Campus Sud,Cercle,Routier,Interdiction,,,,,,,,2024-07-30 12:12:13,,2024-07-30 12:12:13,POINT (302465.31047070416 682693.5210742254)
